predict_date,class_id,predict_quantity,brand_id,compartment,type_id,level_id,department_id,TR,gearbox_type,displacement,if_charging,price_level,price,driven_type_id,fuel_type_id,newenergy_type_id,emission_standards_id,if_MPV_id,if_luxurious_id,power,cylinder_number,engine_torque,car_length,car_width,car_height,total_quality,equipment_quality,rated_passenger,wheelbase,front_track,rear_track
201711,103507,180,831,2,1,3,3,6,AT,1.6,L,10-15W,10,1,1,1,1,2,1,91.6,4,150.7,4270,1780,1630,1830,1325,5,2590,1557,1570
201711,124140,263,783,2,1,1,1,6,AT,1.5,T,10-15W,13.5,1,1,1,1,2,1,125,4,230,4650,1850,1695,2050,1665,5,2700,1565,1565
201711,125403,156,761,2,3,2,2,6,AT,2.5,L,35-50W,24.3,1,1,1,1,2,1,142,4,253,5256,1878,1776,2415,1860,7,3088,1602,1605
201711,136916,162,106,3,2,2,5,6,AT,2,L,15-20W,16.6,1,1,1,1,2,1,123,4,199,4850,1825,1480,2000,1485,5,2775,1575,1560
201711,169673,152,682,2,1,2,1,6,MT,1.5,T,5-8W,8,1,1,1,1,2,1,110,4,215,4715,1830,1780,2095,1570,7,2760,1547,1550
201711,175962,237,750,3,2,1,4,6,AT,1.6,L,10-15W,6.9,1,1,1,1,2,1,81,4,155,4475,1706,1469,1625,1145,5,2603,1460,1500
201711,178529,148,98,1,4,-,1,5,MT,1.2,L,5WL,-,2,1,1,1,2,1,60.3,4,115,3797,1510,1820,1575,965,7,2500,1290,1290
201711,186250,83,761,2,2,1,2,6,AT,1.5,L,10-15W,11.7,1,1,1,1,2,1,84,4,146,4370,1809,1461,1715,1280,5,2662,1540,1562
201711,194201,378,831,2,2,3,3,6,AT,1.4,L,8-10W,-,1,1,1,1,2,1,73.3,4,132.4,4240,1750,1505,1570,1145,5,2600,1524,1529
201711,194450,271,836,2,1,1,3,7,DCT,1.6,T,15-20W,13.5,1,1,1,1,2,1,130,4,265,4475,1850,1655,2090,1541,5,2670,1620,1631
201711,198427,99,12,3,2,1,1,5,MT,1.5,L,5-8W,6.3,1,1,1,1,2,1,80,4,140,4547,1734,1470,1620,1210,5,2600,1490,1470
201711,206765,2057,761,3,2,1,2,6,AT,1.5,L,15-20W,12.5,1,1,1,1,2,1,84,4,146,4718,1802,1466,1745,1295,5,2700,1540,1558
201711,209945,91,814,3,2,4,4,8,AT,2,T,35-50W,47.9,2,1,1,1,2,2,165,4,310,5087,1868,1500,2235,1710,5,3108,1604,1628
201711,219195,125,872,2,1,1,4,7,DCT,2,T,25-35W,26.4,1,1,1,1,2,2,132,4,320,4398,1841,1591,2105,1590,5,2603,1547,1555
201711,221795,516,872,2,1,1,4,7,DCT,2,T,25-35W,26.4,1,1,1,1,2,2,132,4,320,4398,1841,1591,2105,1590,5,2603,1547,1555
201711,245609,121,750,2,2,1,4,7,DCT,1.4,T,15-20W,14.7,1,1,1,1,2,1,96,4,225,4348,1807,1574,1880,1425,5,2680,1549,1521
201711,248352,260,831,3,2,3,3,6,AT,1.4,L,8-10W,6.5,1,1,1,1,2,1,73.3,4,132.4,4400,1740,1460,1520,1100,5,2600,1524,1529
201711,249875,138,294,2,1,1,6,0,CVT,2,L,20-25W,21.6,1,1,1,1,2,1,110,4,200,4672,1843,1678,2004,1557,5,2705,1597,1589
201711,250658,187,450,3,2,2,2,6,AT,1.5,T,15-20W,23.3,1,1,1,1,2,1,120,4,252,4923,1854,1470,1865,1415,5,2829,1606,1609
201711,265980,204,783,2,3,3,1,5,MT,1.5,L,5-8W,-,2,1,1,1,1,1,78,4,135,4360,1685,1820,1925,1325,7,2750,1425,1435
201711,270690,595,98,2,3,3,1,5,MT,1.5,L,5WL,-,2,1,1,1,1,1,82,4,146.5,4415,1685,1850,1825,1256,5,2720,1420,1440
201711,281301,329,750,3,2,2,4,7,DCT,1.8,T,25-35W,16,1,1,1,1,2,1,132,4,300,4872,1834,1484,2100,1580,5,2803,1577,1550
201711,281792,481,872,3,2,1,4,7,DCT,1.4,T,25-35W,25.1,1,1,1,1,2,2,110,4,250,4457,1796,1417,1795,1345,5,2629,1547,1522
201711,289386,441,813,3,2,1,5,6,AT,1.5,L,10-15W,14.6,1,1,1,1,2,1,86,4,148,4582,1795,1458,1820,1286,5,2700,1555,1560
201711,289403,272,12,2,1,1,1,6,DCT,1.3,T,8-10W,9,1,1,1,1,2,1,95,4,185,4440,1833,1545,1773,1398,5,2700,1556,1562
201711,290854,205,537,2,1,1,5,0,CVT,1.5,T,15-20W,20.4,1,1,1,1,2,1,142,4,243,4585,1855,1679,2030,1556,5,2660,1601,1617
201711,291086,320,761,3,2,2,2,9,AT,1.5,T,20-25W,26,1,1,1,1,2,1,120,4,252,4902,1863,1456,1900,1430,5,2829,1603,1607
201711,291514,50,783,2,1,3,1,4,AT,1.6,L,8-10W,6.9,1,1,1,1,2,1,92,4,160,4170,1810,1635,1700,1325,5,2560,1560,1560
201711,302513,170,864,2,1,3,1,5,MT,1.5,L,5-8W,6.8,1,1,1,1,2,1,88,4,143,4354,1840,1654,1670,1285,5,2610,1585,1586
201711,304458,373,106,3,2,1,5,0,CVT,1.2,T,10-15W,11.5,1,1,1,1,2,1,85,4,185,4630,1775,1480,1770,1315,5,2700,1535,1535
201711,308913,139,750,2,2,1,4,7,DCT,1.2,T,15-20W,14.2,1,1,1,1,2,1,81,4,200,4445,1765,1485,1800,1290,5,2610,1517,1493
201711,321683,2186,750,3,2,1,4,7,DCT,1.4,T,15-20W,11.8,1,1,1,1,2,1,110,4,250,4655,1780,1453,1840,1395,5,2651,1535,1532
201711,340175,113,638,2,1,1,1,6,AT,1.5,T,8-10W,9.9,1,1,1,1,2,1,110,4,210,4649,1830,1705,2110,1600,5,2680,1565,1565
201711,347384,2898,831,3,2,1,3,6,AT,1.6,L,10-15W,9.2,1,1,1,1,2,1,93.8,4,155.5,4600,1780,1445,1720,1290,5,2700,1555,1568
201711,348641,340,498,3,2,1,1,4,AT,1.5,L,8-10W,7.7,1,1,1,1,2,1,80,4,135,4579,1804,1490,1655,1280,5,2660,1548,1549
201711,349023,941,450,3,2,1,2,6,AT,1.5,L,10-15W,14,1,1,1,1,2,1,84,4,146,4666,1807,1460,1700,1270,5,2700,1541,1561
201711,350259,577,750,3,2,1,4,7,DCT,1.4,T,15-20W,18.7,1,1,1,1,2,1,96,4,225,4598,1826,1425,1825,1325,5,2656,1580,1554
201711,354068,460,692,3,2,1,5,0,CVT,1.6,L,10-15W,10.6,1,1,1,1,2,1,93,4,154,4631,1760,1503,1650,1236,5,2700,1540,1540
201711,356986,476,637,3,2,2,2,6,AT,1.5,T,20-25W,23,1,1,1,1,2,1,135,4,240,4873,1852,1470,1971,1561,5,2850,1590,1587
201711,359378,64,497,2,1,1,1,6,DCT,1.5,T,10-15W,10.4,1,1,1,1,2,1,108,4,210,4338,1830,1645,1780,1405,5,2630,1550,1550
201711,360648,160,106,2,2,3,5,0,CVT,1.5,L,8-10W,8,1,1,1,1,2,1,79,4,140,4160,1700,1495,1500,1110,5,2550,1460,1460
201711,376193,90,76,2,1,1,1,7,DCT,2,T,10-15W,15,1,1,1,1,2,1,145,4,355,4462,1857,1638,2219,1709,5,2680,1590,1587
201711,378356,422,497,3,2,1,1,0,CVT,1.5,L,8-10W,7,1,1,1,1,2,1,85,4,141,4572,1825,1482,1672,1297,5,2670,1556,1542
201711,378536,105,985,2,1,1,6,6,AT,1.6,T,20-25W,22,1,1,1,1,2,1,123,4,245,4510,1850,1662,1918,1492,5,2730,1579,1587
201711,379265,314,290,2,2,3,7,5,MT,1.2,L,5WL,3.8,1,1,1,1,2,1,60.3,4,116,4032,1680,1450,1350,985,5,2550,1488,1478
201711,379876,133,985,3,2,1,6,6,AT,1.6,L,10-15W,8.5,1,1,1,1,2,1,86,4,150,4590,1820,1488,1740,1320,5,2675,1555,1550
201711,384924,765,761,3,2,2,2,7,DCT,1.5,T,20-25W,18.8,1,1,1,1,2,1,120,4,252,5018,1866,1459,1960,1510,5,2905,1599,1602
201711,392593,116,497,2,1,1,1,6,DCT,1.5,T,10-15W,11.4,1,1,1,1,2,1,108,4,210,4470,1837,1670,1815,1440,5,2670,1550,1550
201711,395234,102,841,3,2,2,6,6,AT,1.6,T,15-20W,15.3,1,1,1,1,2,1,123,4,245,4825,1860,1480,1984,1580,5,2815,1590,1572
201711,401052,134,953,2,1,1,4,7,DCT,1.6,T,25-35W,24.3,1,1,1,1,2,2,115,4,250,4449,1804,1535,1940,1480,5,2699,1540,1547
201711,409854,1675,638,2,1,1,1,6,AT,1.5,T,10-15W,8.6,1,1,1,1,2,1,110,4,210,4640,1825,1745,2064,1554,5,2680,1565,1565
201711,412240,68,783,2,1,2,1,6,MT,1.5,T,8-10W,6.6,2,1,1,1,2,1,110,4,230,4705,1800,1750,2070,1545,7,2780,1495,1505
201711,416749,201,537,2,1,3,5,0,CVT,1.5,L,10-15W,13,1,1,1,1,2,1,96,4,155,4270,1772,1605,1775,1205,5,2610,1540,1530
201711,417803,116,692,2,1,3,5,0,CVT,1.5,L,10-15W,12.9,1,1,1,1,2,1,91,4,147,4295,1760,1588,1565,1164,5,2620,1520,1535
201711,425432,1848,750,3,2,1,4,6,AT,1.6,L,10-15W,8.9,1,1,1,1,2,1,81,4,155,4605,1765,1460,1755,1245,5,2610,1517,1493
201711,436105,431,836,3,2,2,3,6,AT,1.8,L,15-20W,12.3,1,1,1,1,2,1,105,4,176,4710,1820,1470,1860,1435,5,2770,1579,1589
201711,437063,95,814,3,2,1,4,6,AT,1.5,T,20-25W,18.9,1,1,1,1,2,2,100,3,220,4456,1803,1446,1855,1409,5,2670,1563,1565
201711,437598,66,638,2,1,1,1,6,AT,1.5,T,10-15W,13.8,1,1,1,1,2,1,110,4,210,4549,1835,1700,2160,1620,5,2720,1565,1565
201711,453752,190,814,3,2,2,4,8,AT,2,T,35-50W,28.8,2,1,1,1,2,2,135,4,270,4760,1811,1455,2025,1615,5,2920,1537,1576
201711,468392,146,537,3,2,2,5,0,CVT,2,L,20-25W,21.2,1,1,1,1,2,1,114,4,190,4915,1845,1470,1920,1499,5,2775,1595,1585
201711,472603,84,985,3,2,1,6,6,AT,1.6,T,10-15W,13.4,1,1,1,1,2,1,123,4,245,4750,1820,1488,1820,1415,5,2730,1555,1550
201711,475895,97,750,2,2,1,4,6,AT,1.6,L,10-15W,14.6,1,1,1,1,2,1,81,4,155,4559,1793,1487,1810,1325,5,2614,1518,1525
201711,481950,151,813,2,1,1,5,6,AT,2,L,15-20W,-,1,1,1,1,2,1,116,4,202,4633,1840,1530,1900,1450,5,2700,1584,1586
201711,482497,177,872,2,1,2,4,8,AT,2,T,35-50W,41.5,3,1,1,1,2,2,169,4,350,4629,1898,1655,2365,1900,5,2807,1617,1614
201711,492952,150,692,3,2,1,5,0,CVT,1.6,L,10-15W,10.4,1,1,1,1,2,1,93,4,154,4683,1780,1465,1670,1242,5,2700,1530,1530
201711,496459,384,497,2,1,3,1,5,MT,1.6,L,5-8W,6.9,1,1,1,1,2,1,93,4,160,4420,1760,1670,1733,1358,5,2510,1500,1495
201711,501564,149,807,2,1,2,1,6,AT,2,T,15-20W,25.5,1,1,1,1,2,1,148,4,320,4810,1910,1770,2515,1870,7,2800,1630,1632
201711,510309,94,953,2,1,2,4,9,AT,2,T,35-50W,53.2,3,1,1,1,2,2,155,4,350,4661,1898,1664,2360,1860,5,2873,1617,1613
201711,516750,53,98,2,3,3,1,5,MT,1.5,L,5-8W,-,2,1,1,1,1,1,82,4,146.5,4530,1721,1730,1850,1319,7,2720,1430,1450
201711,526401,385,836,3,2,1,3,6,AT,1.6,L,10-15W,9.1,1,1,1,1,2,1,95.3,4,157,4610,1800,1450,1780,1254,5,2700,1555,1564
201711,527765,65,236,2,2,5,1,1,AT,0,L,15-20W,-,1,4,3,2,2,1,36,0,-,3675,1630,1518,1360,1030,4,2360,1405,1400
201711,527809,88,953,3,2,4,4,9,AT,2,T,35-50W,61.9,2,1,1,1,2,2,180,4,370,5065,1860,1476,2350,1800,5,3079,1597,1582
201711,540712,335,12,2,1,1,1,6,AT,1.8,T,15-20W,11,1,1,1,1,2,1,135,4,285,4519,1831,1694,2045,1670,5,2670,1560,1550
201711,559132,104,692,3,2,2,5,0,CVT,2,L,20-25W,15.7,1,1,1,1,2,1,110,4,195,4891,1830,1490,1870,1466,5,2775,1585,1585
201711,560265,75,923,2,3,3,1,5,MT,1.5,L,5-8W,-,2,1,1,1,1,1,85,4,150,4440,1700,1783,1790,1270,6,2790,1420,1440
201711,569154,359,638,2,1,3,1,7,DCT,1.5,T,8-10W,9.6,1,1,1,1,2,1,110,4,210,4195,1772,1617,1840,1391,5,2550,1531,1524
201711,576298,174,304,2,3,2,1,5,MT,1.6,L,5-8W,8.4,2,1,1,1,2,1,90,4,153,5145,1720,1960,2210,1610,7,3000,1445,1420
201711,580470,408,750,3,2,1,4,6,AT,1.6,L,10-15W,11.1,1,1,1,1,2,1,81,4,155,4562,1793,1468,1740,1260,5,2614,1518,1525
201711,580634,248,692,2,2,1,5,0,CVT,1.6,L,10-15W,9.8,1,1,1,1,2,1,93,4,154,4393,1766,1524,1625,1224,5,2700,1540,1540
201711,587678,155,537,2,1,3,5,0,CVT,1.5,L,15-20W,14.3,1,1,1,1,2,1,96,4,155,4294,1772,1605,1770,1204,5,2610,1535,1540
201711,591790,195,106,3,2,1,5,0,CVT,1.2,T,10-15W,12.9,1,1,1,1,2,1,85,4,185,4630,1775,1480,1770,1310,5,2700,1525,1520
201711,597927,140,831,3,2,2,3,7,DCT,1.6,T,15-20W,20.5,1,1,1,1,2,1,132.4,4,265,4855,1860,1475,1990,1541,5,2805,1602,1609
201711,603972,414,872,3,2,4,4,7,DCT,2,T,50-75W,51,1,1,1,1,2,2,165,4,350,5036,1874,1480,2270,1770,5,3012,1630,1620
201711,612523,113,783,2,1,1,1,6,AT,1.5,T,8-10W,13.3,1,1,1,1,2,1,115,4,225,4500,1855,1690,1865,1490,5,2650,1590,1595
201711,614059,326,953,3,2,2,4,9,AT,2,T,35-50W,40.4,2,1,1,1,2,2,135,4,300,4783,1810,1442,2120,1640,5,2920,1563,1545
201711,619401,392,12,2,1,1,1,0,CVT,1.3,T,8-10W,9.7,1,1,1,1,2,1,98,4,185,4500,1834,1707,1880,1505,5,2661,1560,1560
201711,621073,1062,98,2,3,3,1,5,MT,1.5,L,5WL,4.8,2,1,1,1,1,1,82,4,146.5,4400,1680,1770,1825,1305,7,2720,1420,1440
201711,628041,746,750,2,2,1,4,6,AT,1.6,L,15-20W,10.1,1,1,1,1,2,1,81,4,155,4255,1799,1452,1740,1260,5,2637,1549,1520
201711,649213,107,75,3,2,2,2,8,AT,2,T,25-35W,34.8,2,1,1,1,2,2,200,4,400,4730,1824,1426,1996,1600,5,2860,1535,1578
201711,651347,223,537,2,2,3,5,0,CVT,1.5,L,8-10W,6.9,1,1,1,1,2,1,96,4,155,4065,1695,1525,1500,1078,5,2530,1480,1465
201711,651782,80,75,3,2,4,2,6,AT,2,T,35-50W,30.9,1,1,1,1,2,2,193,4,400,5131,1852,1502,2260,1840,5,2837,1580,1591
201711,653436,171,831,3,2,2,3,6,AT,1.8,L,10-15W,-,1,1,1,1,2,1,105,4,176,4720,1815,1465,1860,1450,5,2770,1579,1589
201711,654134,436,290,2,1,1,7,5,AMT,1.8,L,8-10W,7.9,1,1,1,1,2,1,101,4,186,4620,1820,1750,1780,1410,5,2750,1554,1549
201711,671482,88,637,2,1,3,2,6,AT,1.5,L,10-15W,10.6,1,1,1,1,2,1,90,3,150,4345,1785,1647,1694,1300,5,2530,1555,1560
201711,682651,281,872,3,2,2,4,7,DCT,2,T,35-50W,36.1,1,1,1,1,2,2,140,4,320,4818,1843,1432,2015,1565,5,2908,1566,1549
201711,683364,84,236,2,1,1,1,0,CVT,1.5,T,10-15W,11.5,1,1,1,1,2,1,110,4,210,4451,1845,1675,1900,1460,5,2670,1540,1540
201711,687270,415,290,2,2,1,7,6,MT,1.5,L,5-8W,5.6,1,1,1,1,2,1,82,4,146.5,4620,1710,1535,1700,1210,5,2750,1482,1488
201711,692703,551,807,2,1,1,1,5,MT,1.3,T,10-15W,9.5,1,1,1,1,2,1,101,4,202,4510,1852,1677,1900,1450,5,2650,1575,1570
201711,693436,142,12,3,2,1,1,6,DCT,1.3,T,10-15W,9.4,1,1,1,1,2,1,95,4,185,4725,1802,1478,1755,1380,5,2700,1551,1546
201711,713651,192,537,3,2,1,5,0,CVT,1.5,T,10-15W,15.6,1,1,1,1,2,1,130,4,220,4649,1800,1416,1730,1306,5,2700,1547,1563
201711,714150,190,450,2,1,1,2,6,AT,1.5,T,20-25W,23.8,1,1,1,1,2,1,127,4,275,4652,1843,1684,1970,1520,5,2725,1573,1585
201711,714152,431,750,2,1,1,4,7,DCT,1.8,T,25-35W,16.9,1,1,1,1,2,1,132,4,300,4712,1839,1673,2085,1615,5,2791,1582,1572
201711,714860,138,831,3,2,2,3,7,DCT,1.6,T,10-15W,9.7,1,1,1,1,2,1,128.7,4,265,4720,1815,1465,1900,1495,5,2770,1579,1589
201711,725137,89,807,2,1,3,1,6,AT,1.3,T,10-15W,8,1,1,1,1,2,1,101,4,202,4350,1825,1655,1780,1380,5,2560,1554,1550
201711,732758,161,814,2,1,1,4,6,AT,1.5,T,25-35W,30,1,1,1,1,2,2,111,3,220,4565,1821,1624,2035,1550,5,2780,1561,1562
201711,735971,2012,761,3,2,1,2,6,AT,1.5,L,10-15W,12.5,1,1,1,1,2,1,81,4,143,4587,1798,1463,1690,1255,5,2640,1538,1541
201711,736094,234,783,2,3,3,1,5,MT,1.5,L,5-8W,6.1,1,1,1,1,2,1,84,4,148,4465,1725,1685,1850,1325,6,2680,1460,1470
201711,739296,816,290,2,3,3,7,6,MT,1.5,T,5-8W,8.4,1,1,1,1,2,1,110,4,230,4710,1785,1745,1955,1460,6,2750,1530,1525
201711,741152,580,761,2,1,1,2,7,DCT,1.5,T,20-25W,18.4,1,1,1,1,2,1,119,4,250,4667,1839,1660,2050,1575,5,2750,1584,1588
201711,743957,154,450,3,2,1,2,5,MT,1.5,L,10-15W,6.9,1,1,1,1,2,1,80,4,141,4544,1779,1467,1620,1185,5,2600,1538,1539
201711,745137,852,637,3,2,1,2,6,DCT,1.6,L,10-15W,9.9,1,1,1,1,2,1,94,4,159,4534,1823,1483,1711,1336,5,2648,1553,1544
201711,750340,95,864,2,1,1,1,5,AT,1.5,T,10-15W,-,1,1,1,1,2,1,115,4,215,4530,1900,1700,1920,1545,5,2700,1601,1602
201711,760412,66,542,2,1,1,5,0,CVT,2,L,15-20W,20.1,1,1,1,1,2,1,122,4,201,4705,1810,1680,1985,1440,5,2670,1540,1540
201711,786351,104,836,3,2,1,3,6,AT,1.6,L,10-15W,8.6,1,1,1,1,2,1,93.8,4,155.5,4570,1775,1445,1650,1275,5,2700,1549,1562
201711,789290,77,106,3,2,3,5,0,CVT,1.5,L,8-10W,6.8,1,1,1,1,2,1,79,4,140,4440,1700,1490,1500,1090,5,2550,1460,1460
201711,810398,114,750,2,2,1,4,6,AT,1.6,L,10-15W,7.9,1,1,1,1,2,1,81,4,155,4282,1706,1475,1635,1155,5,2603,1460,1500
201711,815230,168,49,2,1,1,2,7,DCT,1.4,T,15-20W,19,1,1,1,1,2,1,121,4,250,4415,1819,1625,1830,1455,5,2636,1544,1544
201711,819061,94,831,2,1,1,3,6,AT,2,L,15-20W,11,1,1,1,1,2,1,121,4,199,4450,1855,1635,1980,1470,5,2640,1614,1615
201711,842246,121,68,2,1,2,1,6,DCT,1.8,T,10-15W,12.9,1,1,1,1,2,1,130,4,245,4748,1933,1697,2162,1787,5,2850,1641,1642
201711,851857,157,75,2,1,2,2,8,AT,2,T,25-35W,49.1,1,1,1,1,2,2,179,4,400,4812,1903,1680,2275,1795,5,2857,1645,1645
201711,854079,162,537,3,2,1,5,0,CVT,1.8,L,10-15W,12.2,1,1,1,1,2,1,100,4,169,4664,1750,1505,1685,1275,5,2650,1500,1485
201711,854548,122,126,2,1,3,1,4,AT,1.5,L,10-15W,-,1,1,1,1,2,1,88,4,150,4314,1809,1624,1690,1258,5,2585,1526,1536
201711,861459,252,498,3,2,1,1,7,DCT,1.5,T,10-15W,13.5,1,1,1,1,2,1,124,4,250,4671,1835,1464,1720,1270,5,2715,1562,1571
201711,871642,155,637,2,1,1,2,6,AT,1.5,T,20-25W,17,1,1,1,1,2,1,135,4,240,4524,1838,1685,1967,1592,5,2640,1563,1565
201711,872180,127,76,2,1,2,1,7,DCT,2,T,15-20W,18.6,1,1,1,1,2,1,172,4,360,4765,1931,1655,2505,1960,5,2950,1655,1606
201711,883691,254,750,3,2,2,4,7,DCT,1.8,T,20-25W,21.4,1,1,1,1,2,1,132,4,300,4866,1832,1464,2000,1500,5,2871,1584,1570
201711,890189,1302,290,2,1,3,7,6,MT,1.5,L,5-8W,6.9,1,1,1,1,2,1,82,4,146.5,4220,1740,1625,1580,1206,5,2550,1490,1496
201711,905061,363,783,2,3,1,1,5,MT,1.6,L,5-8W,9.4,1,1,1,1,2,1,92,4,160,4810,1795,1730,1950,1460,7,2760,1535,1530
201711,905745,183,761,2,1,3,2,6,AT,1.4,T,10-15W,11.5,1,1,1,1,2,1,105,4,205,4278,1781,1648,1840,1430,5,2555,1540,1540
201711,914348,483,750,2,2,3,4,6,AT,1.4,L,10-15W,8.4,1,1,1,1,2,1,66,4,132,3970,1682,1462,1590,1110,5,2470,1463,1456
201711,923841,642,450,3,2,2,2,6,AT,1.5,T,15-20W,15,1,1,1,1,2,1,120,4,250.3,4855,1854,1476,1960,1520,5,2737,1585,1587
201711,924154,1192,637,3,2,1,2,6,AT,1.5,L,10-15W,8.1,1,1,1,1,2,1,85,4,142,4587,1825,1490,1675,1300,5,2687,1562,1548
201711,948936,75,512,2,1,1,1,5,MT,1.5,L,5-8W,6.4,2,1,1,1,2,1,83,4,150,4520,1790,1750,1960,1435,5,2700,1450,1480
201711,950264,1231,498,2,1,1,1,6,MT,1.5,T,15-20W,18.7,1,1,1,1,2,1,124,4,250,4545,1855,1690,1843,1468,5,2700,1574,1593
201711,953842,1061,831,2,1,1,3,7,DCT,1.6,T,15-20W,15.4,1,1,1,1,2,1,130,4,265,4480,1855,1645,2090,1576,5,2670,1625,1636
201711,961362,73,692,2,1,1,5,0,CVT,2,L,15-20W,13.5,1,1,1,1,2,1,110,4,200,4384,1837,1612,1870,1427,5,2646,1585,1581
201711,961962,80,750,3,2,1,4,6,AT,1.5,L,8-10W,7.3,1,1,1,1,2,1,81,4,150,4501,1704,1469,1640,1140,5,2604,1460,1500
201711,963845,207,836,2,1,3,3,6,AT,1.6,L,10-15W,12.4,1,1,1,1,2,1,91.6,4,150.7,4270,1780,1622,1752,1341,5,2590,1557,1570
201711,973106,108,537,2,1,2,5,0,CVT,1.5,T,25-35W,22,1,1,1,1,2,1,142,4,243,4816,1942,1669,2180,1708,5,2820,1652,1671
201711,978089,400,12,3,2,1,1,0,CVT,1.5,L,5-8W,7.3,1,1,1,1,2,1,80,4,140,4631,1789,1470,1640,1265,5,2650,1502,1492
